
<?xml version="1.0"?>
<matrix>
          <item>
 	 <title>Editorial</title>
                    <item>
 	           <title> [MATRiX]#2 zine </title>
	           <author>[MATRiX]#2</author>	
 	           <file>general/MATRIX-2.100</file>
 	          </item>
                    <item>
 	           <title> greetz </title>
                              <item>
 	                     <title> ULTRAS </title>
	                     <author>ULTRAS </author>	
 	                     <file>general/MATRIX-2.101</file>
 	                    </item>
                              <item>
 	                     <title> Del_Armg0 </title>
	                     <author>Del_Armg0 </author>	
 	                     <file>general/MATRIX-2.102</file>
 	                    </item>
                              <item>
 	                     <title> Anaktos </title>
	                     <author>Anaktos </author>	
 	                     <file>general/MATRIX-2.104</file>
 	                    </item>
                              <item>
 	                     <title> m0rtimer </title>
	                     <author>m0rtimer </author>	
 	                     <file>general/MATRIX-2.106</file>
 	                    </item>
 	          </item>
          </item>

          <item>
           <title>Interviews</title>
	          <item>
	 	 <title>Interview with Lifewire</title>
		 <author>ULTRAS/Lifewire</author>		
	 	 <file>INTERVIEW/life.txt</file>
	          </item>
	          <item>
	 	 <title>Interview with doctorL</title>
		 <author>Del_Armg0/doxtorL</author>		
	 	 <file>INTERVIEW/doxtorL.txt</file>
	          </item>
          </item>
          <item>
 	 <title>Articles</title>
	          <item>
	 	 <title>W0rd infecion</title>
	 	 <file>ARTICLES/MATRIX-2.111</file>
		 <author>ULTRAS</author>
	          </item>
	          <item>
	 	 <title>Infection INF file part II</title>
	 	 <file>ARTICLES/MATRIX-2.115</file>
		 <author>ULTRAS</author>
	          </item>
	          <item>
	 	 <title>HTML Infection</title>
	 	 <file>ARTICLES/MATRIX-2.118</file>
		 <author>ULTRAS</author>
	          </item>
	          <item>
	 	 <title>A .pif Viral Tutorial</title>
	 	 <file>ARTICLES/MATRIX-2.112</file>
		 <author>Del_Armg0</author>
	          </item>
	          <item>
	 	 <title> PIF Format </title>
	 	 <file>ARTICLES/MATRIX-2.113</file>
		 <author>Del_Armg0</author>
	          </item>
	          <item>
	 	 <title>SCRIPT INFECTION - UNDER WIN/WAP</title>
	 	 <file>ARTICLES/MATRIX-2.114</file>
		 <author>HenKy</author>
	          </item>
	          <item>
	 	 <title>Entering Ring-0 Using Win32 Api: Context Modification</title>
	 	 <file>ARTICLES/MATRIX-2.100</file>
		 <author>ZOMBiE</author>
	          </item>
	          <item>
	 	 <title>METAMORPHISM</title>
	 	 <file>ARTICLES/MATRIX-2.101</file>
		 <author>ZOMBiE</author>
	          </item>
	          <item>
	 	 <title>Description of the win98/INT 2E services</title>
	 	 <file>ARTICLES/MATRIX-2.102</file>
		 <author>ZOMBiE</author>
	          </item>
	          <item>
	 	 <title>Writing into kernel from ring-3: lets fuck pagetable</title>
	 	 <file>ARTICLES/MATRIX-2.103</file>
		 <author>ZOMBiE</author>
	          </item>
	          <item>
	 	 <title>How Mirc send a file</title>
	 	 <file>ARTICLES/MATRIX-2.116</file>
		 <author>DoxtorL. /[T.I]/</author>
	          </item>
	          <item>
	 	 <title>Encryption, Scan Strings And You</title>
	 	 <file>ARTICLES/MATRIX-2.117</file>
		 <author> UNKNOWN </author>
	          </item>
	          <item>
	 	 <title>Asynchronous IO</title>
	 	 <file>ARTICLES/MATRIX-2.104</file>
		 <author>mort</author>
	          </item>
	          <item>
	 	 <title>Entrypoint obscuring</title>
	 	 <file>ARTICLES/MATRIX-2.105</file>
		 <author>mort</author>
	          </item>
	          <item>
	 	 <title>Interprocess communication</title>
	 	 <file>ARTICLES/MATRIX-2.106</file>
		 <author>mort</author>
	          </item>
	          <item>
	 	 <title>Visual payload</title>
	 	 <file>ARTICLES/MATRIX-2.107</file>
		 <author>mort</author>
	          </item>
	          <item>
	 	 <title>Synchronization</title>
	 	 <file>ARTICLES/MATRIX-2.108</file>
		 <author>mort</author>
	          </item>
	          <item>
	 	 <title>Toolhelp functions</title>
	 	 <file>ARTICLES/MATRIX-2.109</file>
		 <author>mort</author>
	          </item>
	          <item>
	 	 <title>Win32 VX tutorial</title>
	 	 <file>ARTICLES/MATRIX-2.110</file>
		 <author>mort</author>
	          </item>
          </item>
          <item>
 	 <title>Virii</title>
                    <item>
                     <title>Win9x</title>
                              <item>
		 	 <title> 133 </title>
                               <file>VIRII/WIN9X/133/133.ASM </file>
          	           <author>ZOMBiE</author>
		 	</item>
                              <item>
		 	 <title> DAMMIT </title>
                               <file>VIRII/WIN9X/DAMMIT/DAM.ASM </file>
          	           <author>ULTRAS</author>
		 	</item>
                              <item>
		 	 <title> ETYMO-CRYPT </title>
                               <file>VIRII/WIN9X/ETYMO-CRYPT/ETYMO-CRYPT.ASM </file>
          	           <author>BLACK JACK</author>
		 	</item>
                              <item>
		 	 <title> FABI </title>
                               <file>VIRII/WIN9X/FABI/FABI.ASM </file>
          	           <author>Vecna</author>
		 	</item>
                              <item>
		 	 <title> MATRIX </title>
                               <file>VIRII/WIN9X/MATRIX/MATRIX.ASM </file>
          	           <author>LifeWire</author>
		 	</item>
		          <item>
		 	 <title>ZOMBiE-7</title>
                                        <item>
                                         <title> ZOMBIE7 description </title>
                                         <file>VIRII/WIN9X/ZOMBIE7/README.Z7</file>
			           <author>ZOMBiE</author>
			          </item>
                                        <item>
                                         <title> 1.ASM </title>
                                         <file>VIRII/WIN9X/ZOMBIE7/1.ASM</file>
			           <author>ZOMBiE</author>
			          </item>
                                        <item>
                                         <title> FIOEXLOW.INC </title>
                                         <file>VIRII/WIN9X/ZOMBIE7/FIOEXLOW.INC</file>
			           <author>ZOMBiE</author>
			          </item>
                                        <item>
                                         <title> GENCOPY.INC </title>
                                         <file>VIRII/WIN9X/ZOMBIE7/GENCOPY.INC</file>
			           <author>ZOMBiE</author>
			          </item>
                                        <item>
                                         <title> IMPLIST.INC </title>
                                         <file>VIRII/WIN9X/ZOMBIE7/IMPLIST.INC</file>
			           <author>ZOMBiE</author>
			          </item>
                                        <item>
                                         <title> IMPORT.INC </title>
                                         <file>VIRII/WIN9X/ZOMBIE7/IMPORT.INC</file>
			           <author>ZOMBiE</author>
			          </item>
                                        <item>
                                         <title> INFECT.INC </title>
                                         <file>VIRII/WIN9X/ZOMBIE7/INFECT.INC</file>
			           <author>ZOMBiE</author>
			          </item>
                                        <item>
                                         <title> ONEXEC.INC </title>
                                         <file>VIRII/WIN9X/ZOMBIE7/ONEXEC.INC</file>
			           <author>ZOMBiE</author>
			          </item>
                                        <item>
                                         <title> RECSERCH.INC</title>
                                         <file>VIRII/WIN9X/ZOMBIE7/RECSERCH.INC</file>
			           <author>ZOMBiE</author>
			          </item>
                                        <item>
                                         <title> RND.INC </title>
                                         <file>VIRII/WIN9X/ZOMBIE7/RND.INC</file>
			           <author>ZOMBiE</author>
			          </item>
                                        <item>
                                         <title> S2C.INC </title>
                                         <file>VIRII/WIN9X/ZOMBIE7/S2C.INC</file>
			           <author>ZOMBiE</author>
			          </item>
                                        <item>
                                         <title> SEH.INC </title>
                                         <file>VIRII/WIN9X/ZOMBIE7/SEH.INC</file>
			           <author>ZOMBiE</author>
			          </item>
                                        <item>
                                         <title> STARTUP.INC </title>
                                         <file>VIRII/WIN9X/ZOMBIE7/STARTUP.INC</file>
			           <author>ZOMBiE</author>
			          </item>
                              </item>
                    </item>
	          <item>
	 	 <title>Win32</title>
                              <item>
		 	 <title> SABiA </title>
                                        <item>
		 	           <title> description </title>
                                         <file>VIRII/WIN32/SABIA/DESC.TXT </file>
          	                     <author> [MATRiX]</author>
		 	          </item>
                                        <item>
		 	           <title> plugins </title>
                                         <file>VIRII/WIN32/SABIA/SABIA-PLUGINS.TXT </file>
          	                     <author> [MATRiX]</author>
		 	          </item>
                                        <item>
		 	           <title> sabia.asm </title>
                                         <file>VIRII/WIN32/SABIA/SABIA.ASM </file>
          	                     <author> [MATRiX]</author>
		 	          </item>
                                        <item>
		 	           <title> sabia.inc </title>
                                         <file>VIRII/WIN32/SABIA/SABIA.INC </file>
          	                     <author> [MATRiX]</author>
		 	          </item>
                                        <item>
		 	           <title> download.asm </title>
                                         <file>VIRII/WIN32/SABIA/DOWNLOAD/MATRIX.ASM </file>
          	                     <author> [MATRiX]</author>
		 	          </item>
                                        <item>
		 	           <title> mail.asm </title>
                                         <file>VIRII/WIN32/SABIA/MAIL/MAIL.ASM </file>
          	                     <author> [MATRiX]</author>
		 	          </item>
                                        <item>
		 	           <title> mirc </title>
                                                  <item>
		 	                     <title> mirc.asm </title>
                                                   <file>VIRII/WIN32/SABIA/MIRC/MIRC.ASM </file>
          	                               <author> [MATRiX]</author>
		 	                    </item>
                                                  <item>
		 	                     <title> events.ini </title>
                                                   <file>VIRII/WIN32/SABIA/MIRC/events.ini </file>
          	                               <author> [MATRiX]</author>
		 	                    </item>
		 	          </item>
                                        <item>
		 	           <title> mirc - worm plugin </title>
                                         <file>VIRII/WIN32/SABIA/MIRC-WORM-PLUGIN/script.txt </file>
          	                     <author> [MATRiX]</author>
		 	          </item>
                                        <item>
		 	           <title> pirch - worm plugin </title>
                                         <file>VIRII/WIN32/SABIA/PIRCH-WORM-PLUGIN/events.txt </file>
          	                     <author> [MATRiX]</author>
		 	          </item>
                                        <item>
		 	           <title> trojan plugin </title>
                                                  <item>
		 	                     <title> mtx.dpr </title>
                                                   <file>VIRII/WIN32/SABIA/TROJAN-PLUGIN/mtx.dpr </file>
          	                               <author> [MATRiX]</author>
		 	                    </item>
                                                  <item>
		 	                     <title> mtx1.pas </title>
                                                   <file>VIRII/WIN32/SABIA/TROJAN-PLUGIN/mtx1.pas </file>
          	                               <author> [MATRiX]</author>
		 	                    </item>
                                                  <item>
		 	                     <title> unit2.pas </title>
                                                   <file>VIRII/WIN32/SABIA/TROJAN-PLUGIN/unit2.pas </file>
          	                               <author> [MATRiX]</author>
		 	                    </item>
		 	          </item>
                                        <item>
		 	           <title> zip - worm plugin </title>
                                         <file>VIRII/WIN32/SABIA/ZIP-WORM-PLUGIN/plugzip.bat.txt </file>
          	                     <author> [MATRiX]</author>
		 	          </item>
		 	</item>
		          <item>
		 	 <title>ZOMBiE-8</title>
                                        <item>
                                         <title> ZOMBIE8 description </title>
                                         <file>VIRII/WIN32/ZOMBIE8/Z0MBIE8.TXT</file>
			           <author>ZOMBiE</author>
			          </item>
                                        <item>
                                         <title> ZOMBIE8.ASM </title>
                                         <file>VIRII/WIN32/ZOMBIE8/Z0MBIE8.ASM</file>
			           <author>ZOMBiE</author>
			          </item>
                                        <item>
                                         <title> CONSTS.INC </title>
                                         <file>VIRII/WIN32/ZOMBIE8/CONSTS.INC</file>
			           <author>ZOMBiE</author>
			          </item>
                                        <item>
                                         <title> INFECT.INC </title>
                                         <file>VIRII/WIN32/ZOMBIE8/INFECT.INC</file>
			           <author>ZOMBiE</author>
			          </item>
                                        <item>
                                         <title> KILLAVXD.INC </title>
                                         <file>VIRII/WIN32/ZOMBIE8/KILLAVXD.INC</file>
			           <author>ZOMBiE</author>
			          </item>
                                        <item>
                                         <title> MACROS.INC </title>
                                         <file>VIRII/WIN32/ZOMBIE8/MACROS.INC</file>
			           <author>ZOMBiE</author>
			          </item>
                                        <item>
                                         <title> MZ.INC </title>
                                         <file>VIRII/WIN32/ZOMBIE8/MZ.INC</file>
			           <author>ZOMBiE</author>
			          </item>
                                        <item>
                                         <title> PE.INC </title>
                                         <file>VIRII/WIN32/ZOMBIE8/PE.INC</file>
			           <author>ZOMBiE</author>
			          </item>
                                        <item>
                                         <title> R0IO.INC </title>
                                         <file>VIRII/WIN32/ZOMBIE8/R0IO.INC</file>
			           <author>ZOMBiE</author>
			          </item>
                                        <item>
                                         <title> RING0.INC </title>
                                         <file>VIRII/WIN32/ZOMBIE8/RING0.INC</file>
			           <author>ZOMBiE</author>
			          </item>
                                        <item>
                                         <title> UNCALL.INC </title>
                                         <file>VIRII/WIN32/ZOMBIE8/UNCALL.INC </file>
			           <author>ZOMBiE</author>
			          </item>
                                        <item>
                                         <title> MAKE.BAT </title>
                                         <file>VIRII/WIN32/ZOMBIE8/MAKE.BAT </file>
			           <author>ZOMBiE</author>
			          </item>
		          </item>
		 	<item>
		 	 <title> Mutt </title>
		 	 <file> VIRII/WIN32/MUTT/MUTT.ASM </file>
		 	 <author> ULTRAS </author>
		 	</item>
                              <item>
		 	 <title> worm.Elsa </title>
                                        <item>
		 	           <title> elsa.asm </title>
                                         <file>VIRII/WIN32/ELSA-WORM/ELSA.asm </file>
          	                     <author>Del_Armg0</author>
		 	          </item>
                                        <item>
		 	           <title> ElsaNet.inc </title>
                                         <file>VIRII/WIN32/ELSA-WORM/ElsaNet.inc </file>
          	                     <author>Del_Armg0</author>
		 	          </item>
		 	</item>
                              <item>
		 	 <title> ls </title>
                                        <item>
		 	           <title> LS description </title>
                                         <file>VIRII/WIN32/LS/LS-DESC.TXT </file>
          	                     <author>mort</author>
		 	          </item>
                                        <item>
		 	           <title> LS </title>
                                         <file>VIRII/WIN32/LS/LS.ASM </file>
          	                     <author>mort</author>
		 	          </item>
		 	</item>
                              <item>
		 	 <title> Zelda</title>
                                        <item>
		 	           <title> Zelda description </title>
                                         <file>VIRII/WIN32/ZELDA/ZELDA.TXT </file>
          	                     <author>ULTRAS</author>
		 	          </item>
                                        <item>
		 	           <title> ZELDA.ASM </title>
                                         <file>VIRII/WIN32/ZELDA/ZELDA.ASM </file>
          	                     <author>mort</author>
		 	          </item>
                                        <item>
		 	           <title> ZELDA.BAS </title>
                                         <file>VIRII/WIN32/ZELDA/ZELDA.BAS </file>
          	                     <author>mort</author>
		 	          </item>
		 	</item>
		 	<item>
		 	 <title> Kalamarai </title>
		 	 <file> VIRII/WIN32/KALAMARAI/KALAMARAI.ASM </file>
		 	 <author> Kalamarai </author>
		 	</item>
		 	<item>
		 	 <title> MATRIX.817 </title>
                                        <item>
                                         <title> matrix.asm </title>
		 	           <file> VIRII/WIN32/MATRIX/MATRIX.ASM </file>
		 	           <author> Lord Dark </author>
		 	          </item>
                                        <item>
                                         <title> 1.INC </title>
		 	           <file> VIRII/WIN32/MATRIX/1.INC </file>
		 	           <author> Lord Dark </author>
		 	          </item>
		 	</item>
                              <item>
		 	 <title> AID </title>
                                        <item>
		 	           <title> AID description </title>
                                         <file>VIRII/WIN32/AID/AID-DESC.TXT </file>
          	                     <author>mort</author>
		 	          </item>
                                        <item>
		 	           <title> AID(client) </title>
                                         <file>VIRII/WIN32/AID/AID-C.ASM </file>
          	                     <author>mort</author>
		 	          </item>
                                        <item>
		 	           <title> AID(server) </title>
                                         <file>VIRII/WIN32/AID/AID-S.ASM </file>
          	                     <author>mort</author>
		 	          </item>
                                        <item>
		 	           <title> SHARE.INC </title>
                                         <file>VIRII/WIN32/AID/SHARE.INC </file>
          	                     <author>mort</author>
		 	          </item>
                                        <item>
		 	           <title> MAKE.BAT </title>
                                         <file>VIRII/WIN32/AID/MAKE.BAT </file>
          	                     <author>mort</author>
		 	          </item>
		 	</item>
                              <item>
		 	 <title> Vampiro </title>
                                        <item>
		 	           <title> Vampiro.asm </title>
                                         <file>VIRII/WIN32/VAMPIRO/VAMPIRO.ASM</file>
          	                     <author> Lord Dark </author>
		 	          </item>
                                        <item>
		 	           <title> 1.inc </title>
                                         <file>VIRII/WIN32/VAMPIRO/1.INC</file>
          	                     <author> Lord Dark </author>
		 	          </item>
                                        <item>
		 	           <title> FIO.inc </title>
                                         <file>VIRII/WIN32/VAMPIRO/FIO.INC</file>
          	                     <author> Lord Dark </author>
		 	          </item>
                                        <item>
		 	           <title> Import.inc </title>
                                         <file>VIRII/WIN32/VAMPIRO/IMPORT.INC</file>
          	                     <author> Lord Dark </author>
		 	          </item>
                                        <item>
		 	           <title> LME32.inc </title>
                                         <file>VIRII/WIN32/VAMPIRO/LME32.INC</file>
          	                     <author> Lord Dark </author>
		 	          </item>
		 	</item>
		 	<item>
		 	 <title> ordy </title>
                               <file> VIRII/WIN32/ORDY/ORDY.ASM </file>
		 	 <author> mort </author>
		 	</item>
	          </item>
                    <item>
	           <title> DOS </title>
                               <item>
	                      <title> Carcass v1.01 </title>
                                <file>VIRII/DOS/CARCASS/CARCASS.ASM </file>
          	            <author>T-2000 / Immortal Riot</author>
		           </item>
                               <item>
	                      <title> Merlin </title>
                                <file>VIRII/DOS/MERLIN/MERLIN.PAS </file>
          	            <author> Lord Dark</author>
		           </item>
                               <item>
	                      <title> PIF worms</title>
                                        <item>
	                               <title> description </title>
                                         <file>VIRII/DOS/PIFS/desc.txt</file>
          	                     <author> Del_Armg0</author>
          	                    </item>
                                        <item>
	                               <title> AVP report</title>
                                         <file>VIRII/DOS/PIFS/PifAVPr.txt</file>
          	                     <author> Del_Armg0</author>
          	                    </item>
                                        <item>
	                               <title> location</title>
                                         <file>VIRII/DOS/PIFS/loc.txt</file>
          	                     <author> Del_Armg0</author>
          	                    </item>
		           </item>

	          </item>
	          <item>
	           <title> MACRO </title>
                               <item>
	                      <title> JANY_2000 </title>
                                <file>VIRII/MACRO/JANY/JANY_2000.BAS </file>
          	            <author> Del_Armg0</author>
		           </item>
                               <item>
	                      <title> JANY.B </title>
                                <file>VIRII/MACRO/JANNY.B/JENNE.BAS </file>
          	            <author> Del_Armg0</author>
		           </item>
	          </item>
          </item>
          <item>
 	 <title> Tools</title>
                     <item>
	            <title> First-Section File Infector (VX Library) </title>
                      <file>TOOLS/MATRIX-2.100 </file>
                      <author>ZOMBiE</author>
	           </item>
                     <item>
	            <title> Ring 0 library</title>
                      <file>TOOLS/MATRIX-2.101 </file>
                      <author>ZOMBiE</author>
	           </item>
                     <item>
	            <title> APLIB disassembly</title>
                      <file>TOOLS/MATRIX-2.102 </file>
                      <author> NBK </author>
	           </item>
                     <item>
	            <title> Scripted File Format Analyser </title>
                      <file>TOOLS/MATRIX-2.103 </file>
                      <author> Mister Dinam0xki </author>
	           </item>
                     <item>
	            <title> LME32 version 1.0 </title>
                      <file>TOOLS/MATRIX-2.104 </file>
                      <author> Lord Dark </author>
	           </item>
                     <item>
	            <title> Stealth W9x process </title>
                      <file>TOOLS/MATRIX-2.105 </file>
                      <author> Vecna </author>
	           </item>
                     <item>
	            <title> Huffman Compression/Decompression Engine </title>
                      <file>TOOLS/MATRIX-2.107 </file>
                      <author> ULTRAS </author>
	           </item>
                     <item>
	            <title> ordinals for win32.ordy </title>
                      <file>TOOLS/MATRIX-2.106 </file>
                      <author> mort </author>
	           </item>
          </item>
          <item>
           <title>Demo </title>
                     <item>
	            <title> [MATRiX]#1 demo source </title>
                      <file>DEMO/MTX#1s/MTX1DEMO.PAS </file>
                      <author> ZOMBiE</author>
	           </item>
          </item>
</matrix>
